Resname, name, ID, Path
PIC1, 秒表, 9, D:\GIT\3085S\application\bt_watch\resource\466x466\applist\jpg\icon\秒表.jpg
PIC2, 闹钟, 11, D:\GIT\3085S\application\bt_watch\resource\466x466\applist\jpg\icon\闹钟.jpg
PIC3, 计时器, 10, D:\GIT\3085S\application\bt_watch\resource\466x466\applist\jpg\icon\计时器.jpg
PIC4, 电话：开, 8, D:\GIT\3085S\application\bt_watch\resource\466x466\applist\jpg\icon\电话：开.jpg
PIC5, 电话：关, 7, D:\GIT\3085S\application\bt_watch\resource\466x466\applist\jpg\icon\电话：关.jpg
PIC6, 振动：开, 6, D:\GIT\3085S\application\bt_watch\resource\466x466\applist\jpg\icon\振动：开.jpg
PIC7, 振动：关, 5, D:\GIT\3085S\application\bt_watch\resource\466x466\applist\jpg\icon\振动：关.jpg
PIC8, 剧院模式, 4, D:\GIT\3085S\application\bt_watch\resource\466x466\applist\jpg\icon\剧院模式.jpg
PIC9, 恢复出厂设置, 12, D:\GIT\3085S\application\bt_watch\resource\466x466\applist\jpg\icon\恢复出厂设置.jpg
PIC10, 关机, 3, D:\GIT\3085S\application\bt_watch\resource\466x466\applist\jpg\icon\关机.jpg
PIC11, APP下载, 1, D:\GIT\3085S\application\bt_watch\resource\466x466\applist\jpg\icon\app下载.jpg
PIC12, GPS, 405, D:\GIT\3085S\application\bt_watch\resource\466x466\applist\jpg\icon\gps.jpg
PIC13, 关于, 2, D:\GIT\3085S\application\bt_watch\resource\466x466\applist\jpg\icon\关于.jpg
PIC14, 指南针, 383, D:\GIT\3085S\application\bt_watch\resource\466x466\applist\jpg\icon\指南针.jpg
PIC15, 设置, 432, D:\GIT\3085S\application\bt_watch\resource\466x466\applist\jpg\icon\设置.jpg
PIC16, 立方体, 440, D:\GIT\3085S\application\bt_watch\resource\466x466\applist\jpg\icon\立方体.jpg
PIC17, 秒表, 419, D:\GIT\3085S\application\bt_watch\resource\466x466\applist\png\icon\秒表.png
PIC18, 闹钟, 420, D:\GIT\3085S\application\bt_watch\resource\466x466\applist\png\icon\闹钟.png
PIC19, 计时器, 421, D:\GIT\3085S\application\bt_watch\resource\466x466\applist\png\icon\计时器.png
PIC20, 电话：开, 422, D:\GIT\3085S\application\bt_watch\resource\466x466\applist\png\icon\电话：开.png
PIC21, 电话：关, 423, D:\GIT\3085S\application\bt_watch\resource\466x466\applist\png\icon\电话：关.png
PIC22, 振动：开, 424, D:\GIT\3085S\application\bt_watch\resource\466x466\applist\png\icon\振动：开.png
PIC23, 振动：关, 425, D:\GIT\3085S\application\bt_watch\resource\466x466\applist\png\icon\振动：关.png
PIC24, 剧院模式, 426, D:\GIT\3085S\application\bt_watch\resource\466x466\applist\png\icon\剧院模式.png
PIC25, 恢复出厂设置, 427, D:\GIT\3085S\application\bt_watch\resource\466x466\applist\png\icon\恢复出厂设置.png
PIC26, 关机, 428, D:\GIT\3085S\application\bt_watch\resource\466x466\applist\png\icon\关机.png
PIC27, APP下载, 429, D:\GIT\3085S\application\bt_watch\resource\466x466\applist\png\icon\app下载.png
PIC28, 指南针, 430, D:\GIT\3085S\application\bt_watch\resource\466x466\applist\png\icon\指南针.png
PIC29, 关于, 431, D:\GIT\3085S\application\bt_watch\resource\466x466\applist\png\icon\关于.png
PIC30, 设置, 433, D:\GIT\3085S\application\bt_watch\resource\466x466\applist\png\icon\设置.png
PIC31, 立方体, 441, D:\GIT\3085S\application\bt_watch\resource\466x466\applist\png\icon\立方体.png
PIC32, 开始运动BG, 13, D:\GIT\3085S\application\bt_watch\resource\466x466\sport\raw\开始运动bg.jpg
PIC33, 开始运动图标, 14, D:\GIT\3085S\application\bt_watch\resource\466x466\sport\raw\开始运动图标.png
PIC34, 开始运动图标_高亮, 15, D:\GIT\3085S\application\bt_watch\resource\466x466\sport\raw\开始运动图标_高亮.png
PIC35, 天气未选中, 298, D:\GIT\3085S\application\bt_watch\resource\466x466\sysview\raw\天气未选中.png
PIC36, 天气, 17, D:\GIT\3085S\application\bt_watch\resource\466x466\sysview\raw\天气.png
PIC37, 亮度未选中, 299, D:\GIT\3085S\application\bt_watch\resource\466x466\sysview\raw\亮度未选中.png
PIC38, 亮度, 16, D:\GIT\3085S\application\bt_watch\resource\466x466\sysview\raw\亮度.png
PIC39, 蓝牙未选中, 300, D:\GIT\3085S\application\bt_watch\resource\466x466\sysview\raw\蓝牙未选中.png
PIC40, 蓝牙, 24, D:\GIT\3085S\application\bt_watch\resource\466x466\sysview\raw\蓝牙.png
PIC41, 抖动未选中, 301, D:\GIT\3085S\application\bt_watch\resource\466x466\sysview\raw\抖动未选中.png
PIC42, 抖动, 18, D:\GIT\3085S\application\bt_watch\resource\466x466\sysview\raw\抖动.png
PIC43, 影院模式未选中, 302, D:\GIT\3085S\application\bt_watch\resource\466x466\sysview\raw\影院模式未选中.png
PIC44, 影院模式, 303, D:\GIT\3085S\application\bt_watch\resource\466x466\sysview\raw\影院模式.png
PIC45, 设置未选中, 304, D:\GIT\3085S\application\bt_watch\resource\466x466\sysview\raw\设置未选中.png
PIC46, 设置, 25, D:\GIT\3085S\application\bt_watch\resource\466x466\sysview\raw\设置.png
PIC47, 电池1, 19, D:\GIT\3085S\application\bt_watch\resource\466x466\sysview\raw\电池1.png
PIC48, 电池2, 20, D:\GIT\3085S\application\bt_watch\resource\466x466\sysview\raw\电池2.png
PIC49, 电池3, 21, D:\GIT\3085S\application\bt_watch\resource\466x466\sysview\raw\电池3.png
PIC50, 电池4, 22, D:\GIT\3085S\application\bt_watch\resource\466x466\sysview\raw\电池4.png
PIC51, 电池5, 23, D:\GIT\3085S\application\bt_watch\resource\466x466\sysview\raw\电池5.png
PIC52, 表盘背景BG, 196, D:\GIT\3085S\application\bt_watch\resource\466x466\clock\analog_clock\表盘背景bg.jpg
PIC53, 时针, 197, D:\GIT\3085S\application\bt_watch\resource\466x466\clock\analog_clock\时针.png
PIC54, 分针, 198, D:\GIT\3085S\application\bt_watch\resource\466x466\clock\analog_clock\分针.png
PIC55, 秒针, 199, D:\GIT\3085S\application\bt_watch\resource\466x466\clock\analog_clock\秒针.png
PIC56, 0, 200, D:\GIT\3085S\application\bt_watch\resource\466x466\clock\analog_clock\小数字\0.png
PIC57, 1, 201, D:\GIT\3085S\application\bt_watch\resource\466x466\clock\analog_clock\小数字\1.png
PIC58, 2, 202, D:\GIT\3085S\application\bt_watch\resource\466x466\clock\analog_clock\小数字\2.png
PIC59, 3, 203, D:\GIT\3085S\application\bt_watch\resource\466x466\clock\analog_clock\小数字\3.png
PIC60, 4, 204, D:\GIT\3085S\application\bt_watch\resource\466x466\clock\analog_clock\小数字\4.png
PIC61, 5, 205, D:\GIT\3085S\application\bt_watch\resource\466x466\clock\analog_clock\小数字\5.png
PIC62, 6, 206, D:\GIT\3085S\application\bt_watch\resource\466x466\clock\analog_clock\小数字\6.png
PIC63, 7, 207, D:\GIT\3085S\application\bt_watch\resource\466x466\clock\analog_clock\小数字\7.png
PIC64, 8, 208, D:\GIT\3085S\application\bt_watch\resource\466x466\clock\analog_clock\小数字\8.png
PIC65, 9, 209, D:\GIT\3085S\application\bt_watch\resource\466x466\clock\analog_clock\小数字\9.png
PIC66, 背景, 210, D:\GIT\3085S\application\bt_watch\resource\466x466\clock\digital_clock\背景.jpg
PIC67, 冒号, 211, D:\GIT\3085S\application\bt_watch\resource\466x466\clock\digital_clock\时间\时分钟\冒号.jpg
PIC68, 0, 212, D:\GIT\3085S\application\bt_watch\resource\466x466\clock\digital_clock\时间\时分钟\0.jpg
PIC69, 1, 213, D:\GIT\3085S\application\bt_watch\resource\466x466\clock\digital_clock\时间\时分钟\1.jpg
PIC70, 2, 214, D:\GIT\3085S\application\bt_watch\resource\466x466\clock\digital_clock\时间\时分钟\2.jpg
PIC71, 3, 215, D:\GIT\3085S\application\bt_watch\resource\466x466\clock\digital_clock\时间\时分钟\3.jpg
PIC72, 4, 216, D:\GIT\3085S\application\bt_watch\resource\466x466\clock\digital_clock\时间\时分钟\4.jpg
PIC73, 5, 217, D:\GIT\3085S\application\bt_watch\resource\466x466\clock\digital_clock\时间\时分钟\5.jpg
PIC74, 6, 218, D:\GIT\3085S\application\bt_watch\resource\466x466\clock\digital_clock\时间\时分钟\6.jpg
PIC75, 7, 219, D:\GIT\3085S\application\bt_watch\resource\466x466\clock\digital_clock\时间\时分钟\7.jpg
PIC76, 8, 220, D:\GIT\3085S\application\bt_watch\resource\466x466\clock\digital_clock\时间\时分钟\8.jpg
PIC77, 9, 221, D:\GIT\3085S\application\bt_watch\resource\466x466\clock\digital_clock\时间\时分钟\9.jpg
PIC78, 0, 222, D:\GIT\3085S\application\bt_watch\resource\466x466\clock\digital_clock\时间\秒钟\0.jpg
PIC79, 1, 223, D:\GIT\3085S\application\bt_watch\resource\466x466\clock\digital_clock\时间\秒钟\1.jpg
PIC80, 2, 224, D:\GIT\3085S\application\bt_watch\resource\466x466\clock\digital_clock\时间\秒钟\2.jpg
PIC81, 3, 225, D:\GIT\3085S\application\bt_watch\resource\466x466\clock\digital_clock\时间\秒钟\3.jpg
PIC82, 4, 226, D:\GIT\3085S\application\bt_watch\resource\466x466\clock\digital_clock\时间\秒钟\4.jpg
PIC83, 5, 227, D:\GIT\3085S\application\bt_watch\resource\466x466\clock\digital_clock\时间\秒钟\5.jpg
PIC84, 6, 228, D:\GIT\3085S\application\bt_watch\resource\466x466\clock\digital_clock\时间\秒钟\6.jpg
PIC85, 7, 229, D:\GIT\3085S\application\bt_watch\resource\466x466\clock\digital_clock\时间\秒钟\7.jpg
PIC86, 8, 230, D:\GIT\3085S\application\bt_watch\resource\466x466\clock\digital_clock\时间\秒钟\8.jpg
PIC87, 9, 231, D:\GIT\3085S\application\bt_watch\resource\466x466\clock\digital_clock\时间\秒钟\9.jpg
PIC88, 0, 232, D:\GIT\3085S\application\bt_watch\resource\466x466\clock\digital_clock\心率计步\0.jpg
PIC89, 1, 233, D:\GIT\3085S\application\bt_watch\resource\466x466\clock\digital_clock\心率计步\1.jpg
PIC90, 2, 234, D:\GIT\3085S\application\bt_watch\resource\466x466\clock\digital_clock\心率计步\2.jpg
PIC91, 3, 235, D:\GIT\3085S\application\bt_watch\resource\466x466\clock\digital_clock\心率计步\3.jpg
PIC92, 4, 236, D:\GIT\3085S\application\bt_watch\resource\466x466\clock\digital_clock\心率计步\4.jpg
PIC93, 5, 237, D:\GIT\3085S\application\bt_watch\resource\466x466\clock\digital_clock\心率计步\5.jpg
PIC94, 6, 238, D:\GIT\3085S\application\bt_watch\resource\466x466\clock\digital_clock\心率计步\6.jpg
PIC95, 7, 239, D:\GIT\3085S\application\bt_watch\resource\466x466\clock\digital_clock\心率计步\7.jpg
PIC96, 8, 240, D:\GIT\3085S\application\bt_watch\resource\466x466\clock\digital_clock\心率计步\8.jpg
PIC97, 9, 241, D:\GIT\3085S\application\bt_watch\resource\466x466\clock\digital_clock\心率计步\9.jpg
PIC98, 0, 242, D:\GIT\3085S\application\bt_watch\resource\466x466\clock\digital_clock\温度\0.jpg
PIC99, 1, 243, D:\GIT\3085S\application\bt_watch\resource\466x466\clock\digital_clock\温度\1.jpg
PIC100, 2, 244, D:\GIT\3085S\application\bt_watch\resource\466x466\clock\digital_clock\温度\2.jpg
PIC101, 3, 245, D:\GIT\3085S\application\bt_watch\resource\466x466\clock\digital_clock\温度\3.jpg
PIC102, 4, 246, D:\GIT\3085S\application\bt_watch\resource\466x466\clock\digital_clock\温度\4.jpg
PIC103, 5, 247, D:\GIT\3085S\application\bt_watch\resource\466x466\clock\digital_clock\温度\5.jpg
PIC104, 6, 248, D:\GIT\3085S\application\bt_watch\resource\466x466\clock\digital_clock\温度\6.jpg
PIC105, 7, 249, D:\GIT\3085S\application\bt_watch\resource\466x466\clock\digital_clock\温度\7.jpg
PIC106, 8, 250, D:\GIT\3085S\application\bt_watch\resource\466x466\clock\digital_clock\温度\8.jpg
PIC107, 9, 251, D:\GIT\3085S\application\bt_watch\resource\466x466\clock\digital_clock\温度\9.jpg
PIC108, 晴朗, 252, D:\GIT\3085S\application\bt_watch\resource\466x466\clock\digital_clock\天气\晴朗.jpg
PIC109, 阴天, 253, D:\GIT\3085S\application\bt_watch\resource\466x466\clock\digital_clock\天气\阴天.jpg
PIC110, 冰雹, 254, D:\GIT\3085S\application\bt_watch\resource\466x466\clock\digital_clock\天气\冰雹.jpg
PIC111, 沙尘暴, 255, D:\GIT\3085S\application\bt_watch\resource\466x466\clock\digital_clock\天气\沙尘暴.jpg
PIC112, 雾, 256, D:\GIT\3085S\application\bt_watch\resource\466x466\clock\digital_clock\天气\雾.jpg
PIC113, 大雨, 257, D:\GIT\3085S\application\bt_watch\resource\466x466\clock\digital_clock\天气\大雨.jpg
PIC114, 大雪, 258, D:\GIT\3085S\application\bt_watch\resource\466x466\clock\digital_clock\天气\大雪.jpg
PIC115, 雷阵雨, 259, D:\GIT\3085S\application\bt_watch\resource\466x466\clock\digital_clock\天气\雷阵雨.jpg
PIC116, 晴转多云, 260, D:\GIT\3085S\application\bt_watch\resource\466x466\clock\digital_clock\天气\晴转多云.jpg
PIC117, 0, 261, D:\GIT\3085S\application\bt_watch\resource\466x466\clock\digital_clock\睡眠距离\0.jpg
PIC118, 1, 262, D:\GIT\3085S\application\bt_watch\resource\466x466\clock\digital_clock\睡眠距离\1.jpg
PIC119, 2, 263, D:\GIT\3085S\application\bt_watch\resource\466x466\clock\digital_clock\睡眠距离\2.jpg
PIC120, 3, 264, D:\GIT\3085S\application\bt_watch\resource\466x466\clock\digital_clock\睡眠距离\3.jpg
PIC121, 4, 265, D:\GIT\3085S\application\bt_watch\resource\466x466\clock\digital_clock\睡眠距离\4.jpg
PIC122, 5, 266, D:\GIT\3085S\application\bt_watch\resource\466x466\clock\digital_clock\睡眠距离\5.jpg
PIC123, 6, 267, D:\GIT\3085S\application\bt_watch\resource\466x466\clock\digital_clock\睡眠距离\6.jpg
PIC124, 7, 268, D:\GIT\3085S\application\bt_watch\resource\466x466\clock\digital_clock\睡眠距离\7.jpg
PIC125, 8, 269, D:\GIT\3085S\application\bt_watch\resource\466x466\clock\digital_clock\睡眠距离\8.jpg
PIC126, 9, 270, D:\GIT\3085S\application\bt_watch\resource\466x466\clock\digital_clock\睡眠距离\9.jpg
PIC127, DIAN, 271, D:\GIT\3085S\application\bt_watch\resource\466x466\clock\digital_clock\睡眠距离\dian.jpg
PIC128, K, 272, D:\GIT\3085S\application\bt_watch\resource\466x466\clock\digital_clock\睡眠距离\k.jpg
PIC129, M, 273, D:\GIT\3085S\application\bt_watch\resource\466x466\clock\digital_clock\睡眠距离\m.jpg
PIC130, H, 274, D:\GIT\3085S\application\bt_watch\resource\466x466\clock\digital_clock\睡眠距离\h.jpg
PIC131, 0, 275, D:\GIT\3085S\application\bt_watch\resource\466x466\clock\digital_clock\充电\0.jpg
PIC132, 1, 276, D:\GIT\3085S\application\bt_watch\resource\466x466\clock\digital_clock\充电\1.jpg
PIC133, 2, 277, D:\GIT\3085S\application\bt_watch\resource\466x466\clock\digital_clock\充电\2.jpg
PIC134, 3, 278, D:\GIT\3085S\application\bt_watch\resource\466x466\clock\digital_clock\充电\3.jpg
PIC135, 4, 279, D:\GIT\3085S\application\bt_watch\resource\466x466\clock\digital_clock\充电\4.jpg
PIC136, 5, 280, D:\GIT\3085S\application\bt_watch\resource\466x466\clock\digital_clock\充电\5.jpg
PIC137, 6, 281, D:\GIT\3085S\application\bt_watch\resource\466x466\clock\digital_clock\充电\6.jpg
PIC138, 7, 282, D:\GIT\3085S\application\bt_watch\resource\466x466\clock\digital_clock\充电\7.jpg
PIC139, 8, 283, D:\GIT\3085S\application\bt_watch\resource\466x466\clock\digital_clock\充电\8.jpg
PIC140, 9, 284, D:\GIT\3085S\application\bt_watch\resource\466x466\clock\digital_clock\充电\9.jpg
PIC141, 0, 285, D:\GIT\3085S\application\bt_watch\resource\466x466\clock\digital_clock\动画\0.jpg
PIC142, 1, 286, D:\GIT\3085S\application\bt_watch\resource\466x466\clock\digital_clock\动画\1.jpg
PIC143, 2, 287, D:\GIT\3085S\application\bt_watch\resource\466x466\clock\digital_clock\动画\2.jpg
PIC144, 3, 288, D:\GIT\3085S\application\bt_watch\resource\466x466\clock\digital_clock\动画\3.jpg
PIC145, 4, 289, D:\GIT\3085S\application\bt_watch\resource\466x466\clock\digital_clock\动画\4.jpg
PIC146, 5, 290, D:\GIT\3085S\application\bt_watch\resource\466x466\clock\digital_clock\动画\5.jpg
PIC147, 6, 291, D:\GIT\3085S\application\bt_watch\resource\466x466\clock\digital_clock\动画\6.jpg
PIC148, 7, 292, D:\GIT\3085S\application\bt_watch\resource\466x466\clock\digital_clock\动画\7.jpg
PIC149, 8, 293, D:\GIT\3085S\application\bt_watch\resource\466x466\clock\digital_clock\动画\8.jpg
PIC150, 9, 294, D:\GIT\3085S\application\bt_watch\resource\466x466\clock\digital_clock\动画\9.jpg
PIC151, 10, 295, D:\GIT\3085S\application\bt_watch\resource\466x466\clock\digital_clock\动画\10.jpg
PIC152, 11, 296, D:\GIT\3085S\application\bt_watch\resource\466x466\clock\digital_clock\动画\11.jpg
PIC153, 12, 297, D:\GIT\3085S\application\bt_watch\resource\466x466\clock\digital_clock\动画\12.jpg
PIC154, ANALOG, 445, D:\GIT\3085S\application\bt_watch\resource\466x466\clock_selector\analog.png
PIC155, DIGITAL, 447, D:\GIT\3085S\application\bt_watch\resource\466x466\clock_selector\digital.png
PIC156, AOD, 446, D:\GIT\3085S\application\bt_watch\resource\466x466\clock_selector\aod.png
PIC157, DIGITAL1, 498, D:\GIT\3085S\application\bt_watch\resource\466x466\clock_selector\digital1.png
PIC158, VIDEO_CLOCK, 546, D:\GIT\3085S\application\bt_watch\resource\466x466\clock_selector\video_clock.jpg
PIC159, 短信, 26, D:\GIT\3085S\application\bt_watch\resource\466x466\message\短信.png
PIC160, 微信, 27, D:\GIT\3085S\application\bt_watch\resource\466x466\message\微信.png
PIC161, 消息, 28, D:\GIT\3085S\application\bt_watch\resource\466x466\message\消息.png
PIC162, MAIN, 30, D:\GIT\3085S\application\bt_watch\resource\466x466\compass\main.jpg
PIC163, DECOR, 61, D:\GIT\3085S\application\bt_watch\resource\466x466\compass\decor.png
PIC164, 0, 31, D:\GIT\3085S\application\bt_watch\resource\466x466\compass\char\0.jpg
PIC165, 1, 32, D:\GIT\3085S\application\bt_watch\resource\466x466\compass\char\1.jpg
PIC166, 2, 33, D:\GIT\3085S\application\bt_watch\resource\466x466\compass\char\2.jpg
PIC167, 3, 34, D:\GIT\3085S\application\bt_watch\resource\466x466\compass\char\3.jpg
PIC168, 4, 35, D:\GIT\3085S\application\bt_watch\resource\466x466\compass\char\4.jpg
PIC169, 5, 36, D:\GIT\3085S\application\bt_watch\resource\466x466\compass\char\5.jpg
PIC170, 6, 37, D:\GIT\3085S\application\bt_watch\resource\466x466\compass\char\6.jpg
PIC171, 7, 38, D:\GIT\3085S\application\bt_watch\resource\466x466\compass\char\7.jpg
PIC172, 8, 39, D:\GIT\3085S\application\bt_watch\resource\466x466\compass\char\8.jpg
PIC173, 9, 40, D:\GIT\3085S\application\bt_watch\resource\466x466\compass\char\9.jpg
PIC174, °, 41, D:\GIT\3085S\application\bt_watch\resource\466x466\compass\char\°.jpg
PIC175, 东, 42, D:\GIT\3085S\application\bt_watch\resource\466x466\compass\char\东.jpg
PIC176, 南, 43, D:\GIT\3085S\application\bt_watch\resource\466x466\compass\char\南.jpg
PIC177, 西, 44, D:\GIT\3085S\application\bt_watch\resource\466x466\compass\char\西.jpg
PIC178, 北, 45, D:\GIT\3085S\application\bt_watch\resource\466x466\compass\char\北.jpg
PIC179, MAIN_ROT180, 382, D:\GIT\3085S\application\bt_watch\resource\466x466\compass\main_rot180.jpg
PIC180, 音乐BG, 305, D:\GIT\3085S\application\bt_watch\resource\466x466\lcmusic\raw\音乐bg.jpg
PIC181, 播放, 46, D:\GIT\3085S\application\bt_watch\resource\466x466\lcmusic\raw\播放.png
PIC182, 暂停, 47, D:\GIT\3085S\application\bt_watch\resource\466x466\lcmusic\raw\暂停.png
PIC183, 上一曲, 48, D:\GIT\3085S\application\bt_watch\resource\466x466\lcmusic\raw\上一曲.png
PIC184, 下一曲, 49, D:\GIT\3085S\application\bt_watch\resource\466x466\lcmusic\raw\下一曲.png
PIC185, 顺序播放, 50, D:\GIT\3085S\application\bt_watch\resource\466x466\lcmusic\raw\顺序播放.png
PIC186, 列表循环, 51, D:\GIT\3085S\application\bt_watch\resource\466x466\lcmusic\raw\列表循环.png
PIC187, 随机播放, 52, D:\GIT\3085S\application\bt_watch\resource\466x466\lcmusic\raw\随机播放.png
PIC188, 单曲循环, 53, D:\GIT\3085S\application\bt_watch\resource\466x466\lcmusic\raw\单曲循环.png
PIC189, 音量, 54, D:\GIT\3085S\application\bt_watch\resource\466x466\lcmusic\raw\音量.png
PIC190, 更多, 55, D:\GIT\3085S\application\bt_watch\resource\466x466\lcmusic\raw\更多.png
PIC191, 本地, 56, D:\GIT\3085S\application\bt_watch\resource\466x466\lcmusic\raw\本地.jpg
PIC192, 手机, 130, D:\GIT\3085S\application\bt_watch\resource\466x466\lcmusic\raw\手机.jpg
PIC193, VOL_BG, 57, D:\GIT\3085S\application\bt_watch\resource\466x466\lcmusic\raw\vol_bg.jpg
PIC194, VOL_UP, 58, D:\GIT\3085S\application\bt_watch\resource\466x466\lcmusic\raw\vol_up.png
PIC195, VOL_DOWN, 59, D:\GIT\3085S\application\bt_watch\resource\466x466\lcmusic\raw\vol_down.png
PIC196, 手表音乐图标, 374, D:\GIT\3085S\application\bt_watch\resource\466x466\lcmusic\raw\手表音乐图标.png
PIC197, 手表音乐, 377, D:\GIT\3085S\application\bt_watch\resource\466x466\lcmusic\raw\手表音乐.jpg
PIC198, 未选中, 378, D:\GIT\3085S\application\bt_watch\resource\466x466\lcmusic\raw\未选中.png
PIC199, 选中, 379, D:\GIT\3085S\application\bt_watch\resource\466x466\lcmusic\raw\选中.png
PIC200, 手机音乐图标, 375, D:\GIT\3085S\application\bt_watch\resource\466x466\lcmusic\raw\手机音乐图标.png
PIC201, 手机音乐, 380, D:\GIT\3085S\application\bt_watch\resource\466x466\lcmusic\raw\手机音乐.jpg
PIC202, 蓝牙耳机图标, 376, D:\GIT\3085S\application\bt_watch\resource\466x466\lcmusic\raw\蓝牙耳机图标.png
PIC203, 蓝牙耳机, 381, D:\GIT\3085S\application\bt_watch\resource\466x466\lcmusic\raw\蓝牙耳机.jpg
PIC204, 已连接, 127, D:\GIT\3085S\application\bt_watch\resource\466x466\lcmusic\raw\已连接.png
PIC205, 未连接, 128, D:\GIT\3085S\application\bt_watch\resource\466x466\lcmusic\raw\未连接.png
PIC206, 新设备, 129, D:\GIT\3085S\application\bt_watch\resource\466x466\lcmusic\raw\新设备.png
PIC207, BTCALL_BG, 62, D:\GIT\3085S\application\bt_watch\resource\466x466\btcall\raw\btcall_bg.jpg
PIC208, 来电头像, 63, D:\GIT\3085S\application\bt_watch\resource\466x466\btcall\raw\来电头像.png
PIC209, 通话头像, 64, D:\GIT\3085S\application\bt_watch\resource\466x466\btcall\raw\通话头像.png
PIC210, 挂断, 65, D:\GIT\3085S\application\bt_watch\resource\466x466\btcall\raw\挂断.png
PIC211, 接听, 66, D:\GIT\3085S\application\bt_watch\resource\466x466\btcall\raw\接听.png
PIC212, 静音, 67, D:\GIT\3085S\application\bt_watch\resource\466x466\btcall\raw\静音.png
PIC213, 通话中-键盘, 68, D:\GIT\3085S\application\bt_watch\resource\466x466\btcall\raw\通话中-键盘.png
PIC214, VOL_BG, 69, D:\GIT\3085S\application\bt_watch\resource\466x466\btcall\raw\vol_bg.png
PIC215, VOL_DOWN, 70, D:\GIT\3085S\application\bt_watch\resource\466x466\btcall\raw\vol_down.png
PIC216, VOL, 71, D:\GIT\3085S\application\bt_watch\resource\466x466\btcall\raw\vol.png
PIC217, VOL_UP, 72, D:\GIT\3085S\application\bt_watch\resource\466x466\btcall\raw\vol_up.png
PIC218, 开启通话, 74, D:\GIT\3085S\application\bt_watch\resource\466x466\btcall\raw\开启通话.png
PIC219, SIRI_BG, 106, D:\GIT\3085S\application\bt_watch\resource\466x466\btcall\raw\siri\siri_bg.jpg
PIC220, 00000, 107, D:\GIT\3085S\application\bt_watch\resource\466x466\btcall\raw\siri\动画\00000.jpg
PIC221, 00001, 108, D:\GIT\3085S\application\bt_watch\resource\466x466\btcall\raw\siri\动画\00001.jpg
PIC222, 00002, 109, D:\GIT\3085S\application\bt_watch\resource\466x466\btcall\raw\siri\动画\00002.jpg
PIC223, 00003, 110, D:\GIT\3085S\application\bt_watch\resource\466x466\btcall\raw\siri\动画\00003.jpg
PIC224, 00004, 111, D:\GIT\3085S\application\bt_watch\resource\466x466\btcall\raw\siri\动画\00004.jpg
PIC225, 00005, 112, D:\GIT\3085S\application\bt_watch\resource\466x466\btcall\raw\siri\动画\00005.jpg
PIC226, 00006, 113, D:\GIT\3085S\application\bt_watch\resource\466x466\btcall\raw\siri\动画\00006.jpg
PIC227, 00007, 114, D:\GIT\3085S\application\bt_watch\resource\466x466\btcall\raw\siri\动画\00007.jpg
PIC228, 00008, 115, D:\GIT\3085S\application\bt_watch\resource\466x466\btcall\raw\siri\动画\00008.jpg
PIC229, 00009, 116, D:\GIT\3085S\application\bt_watch\resource\466x466\btcall\raw\siri\动画\00009.jpg
PIC230, 00010, 117, D:\GIT\3085S\application\bt_watch\resource\466x466\btcall\raw\siri\动画\00010.jpg
PIC231, 00011, 118, D:\GIT\3085S\application\bt_watch\resource\466x466\btcall\raw\siri\动画\00011.jpg
PIC232, 00012, 119, D:\GIT\3085S\application\bt_watch\resource\466x466\btcall\raw\siri\动画\00012.jpg
PIC233, 00013, 120, D:\GIT\3085S\application\bt_watch\resource\466x466\btcall\raw\siri\动画\00013.jpg
PIC234, 00014, 121, D:\GIT\3085S\application\bt_watch\resource\466x466\btcall\raw\siri\动画\00014.jpg
PIC235, 00015, 122, D:\GIT\3085S\application\bt_watch\resource\466x466\btcall\raw\siri\动画\00015.jpg
PIC236, 00016, 123, D:\GIT\3085S\application\bt_watch\resource\466x466\btcall\raw\siri\动画\00016.jpg
PIC237, 00017, 124, D:\GIT\3085S\application\bt_watch\resource\466x466\btcall\raw\siri\动画\00017.jpg
PIC238, 00018, 125, D:\GIT\3085S\application\bt_watch\resource\466x466\btcall\raw\siri\动画\00018.jpg
PIC239, 00019, 126, D:\GIT\3085S\application\bt_watch\resource\466x466\btcall\raw\siri\动画\00019.jpg
PIC240, 组-2, 402, D:\GIT\3085S\application\bt_watch\resource\466x466\btcall\raw\3way\组-2.png
PIC241, 组-1, 403, D:\GIT\3085S\application\bt_watch\resource\466x466\btcall\raw\3way\组-1.png
PIC242, 挂断, 401, D:\GIT\3085S\application\bt_watch\resource\466x466\btcall\raw\3way\挂断.png
PIC243, 组-3, 404, D:\GIT\3085S\application\bt_watch\resource\466x466\btcall\raw\3way\组-3.png
PIC244, USB, 73, D:\GIT\3085S\application\bt_watch\resource\466x466\card_reader\usb.jpg
PIC245, 血压BG, 105, D:\GIT\3085S\application\bt_watch\resource\466x466\blood_pressure\血压bg.jpg
PIC246, 0, 75, D:\GIT\3085S\application\bt_watch\resource\466x466\blood_pressure\number\0.png
PIC247, 1, 76, D:\GIT\3085S\application\bt_watch\resource\466x466\blood_pressure\number\1.png
PIC248, 2, 77, D:\GIT\3085S\application\bt_watch\resource\466x466\blood_pressure\number\2.png
PIC249, 3, 78, D:\GIT\3085S\application\bt_watch\resource\466x466\blood_pressure\number\3.png
PIC250, 4, 79, D:\GIT\3085S\application\bt_watch\resource\466x466\blood_pressure\number\4.png
PIC251, 5, 80, D:\GIT\3085S\application\bt_watch\resource\466x466\blood_pressure\number\5.png
PIC252, 6, 81, D:\GIT\3085S\application\bt_watch\resource\466x466\blood_pressure\number\6.png
PIC253, 7, 82, D:\GIT\3085S\application\bt_watch\resource\466x466\blood_pressure\number\7.png
PIC254, 8, 83, D:\GIT\3085S\application\bt_watch\resource\466x466\blood_pressure\number\8.png
PIC255, 9, 84, D:\GIT\3085S\application\bt_watch\resource\466x466\blood_pressure\number\9.png
PIC256, 1, 85, D:\GIT\3085S\application\bt_watch\resource\466x466\blood_pressure\anim\1.png
PIC257, 2, 86, D:\GIT\3085S\application\bt_watch\resource\466x466\blood_pressure\anim\2.png
PIC258, 3, 87, D:\GIT\3085S\application\bt_watch\resource\466x466\blood_pressure\anim\3.png
PIC259, 4, 88, D:\GIT\3085S\application\bt_watch\resource\466x466\blood_pressure\anim\4.png
PIC260, 5, 89, D:\GIT\3085S\application\bt_watch\resource\466x466\blood_pressure\anim\5.png
PIC261, 6, 90, D:\GIT\3085S\application\bt_watch\resource\466x466\blood_pressure\anim\6.png
PIC262, 7, 91, D:\GIT\3085S\application\bt_watch\resource\466x466\blood_pressure\anim\7.png
PIC263, 8, 92, D:\GIT\3085S\application\bt_watch\resource\466x466\blood_pressure\anim\8.png
PIC264, 9, 93, D:\GIT\3085S\application\bt_watch\resource\466x466\blood_pressure\anim\9.png
PIC265, 血氧BG, 94, D:\GIT\3085S\application\bt_watch\resource\466x466\blood_oxygen\血氧bg.jpg
PIC266, 0, 95, D:\GIT\3085S\application\bt_watch\resource\466x466\blood_oxygen\number\0.png
PIC267, 1, 96, D:\GIT\3085S\application\bt_watch\resource\466x466\blood_oxygen\number\1.png
PIC268, 2, 97, D:\GIT\3085S\application\bt_watch\resource\466x466\blood_oxygen\number\2.png
PIC269, 3, 98, D:\GIT\3085S\application\bt_watch\resource\466x466\blood_oxygen\number\3.png
PIC270, 4, 99, D:\GIT\3085S\application\bt_watch\resource\466x466\blood_oxygen\number\4.png
PIC271, 5, 100, D:\GIT\3085S\application\bt_watch\resource\466x466\blood_oxygen\number\5.png
PIC272, 6, 101, D:\GIT\3085S\application\bt_watch\resource\466x466\blood_oxygen\number\6.png
PIC273, 7, 102, D:\GIT\3085S\application\bt_watch\resource\466x466\blood_oxygen\number\7.png
PIC274, 8, 103, D:\GIT\3085S\application\bt_watch\resource\466x466\blood_oxygen\number\8.png
PIC275, 9, 104, D:\GIT\3085S\application\bt_watch\resource\466x466\blood_oxygen\number\9.png
PIC276, BG, 131, D:\GIT\3085S\application\bt_watch\resource\466x466\power\raw\bg.jpg
PIC277, 重启按钮, 132, D:\GIT\3085S\application\bt_watch\resource\466x466\power\raw\重启按钮.jpg
PIC278, 重启, 133, D:\GIT\3085S\application\bt_watch\resource\466x466\power\raw\重启.jpg
PIC279, 关机按钮, 134, D:\GIT\3085S\application\bt_watch\resource\466x466\power\raw\关机按钮.jpg
PIC280, 关机, 135, D:\GIT\3085S\application\bt_watch\resource\466x466\power\raw\关机.jpg
PIC281, 确定重启, 136, D:\GIT\3085S\application\bt_watch\resource\466x466\power\raw\确定重启.jpg
PIC282, 确定关机, 137, D:\GIT\3085S\application\bt_watch\resource\466x466\power\raw\确定关机.jpg
PIC283, 秒表BG, 307, D:\GIT\3085S\application\bt_watch\resource\466x466\stopwatch\raw\秒表bg.jpg
PIC284, 刷新复位, 309, D:\GIT\3085S\application\bt_watch\resource\466x466\stopwatch\raw\刷新复位.png
PIC285, 刷新复位1, 310, D:\GIT\3085S\application\bt_watch\resource\466x466\stopwatch\raw\刷新复位1.png
PIC286, 暂停, 355, D:\GIT\3085S\application\bt_watch\resource\466x466\stopwatch\raw\暂停.png
PIC287, 暂停1, 356, D:\GIT\3085S\application\bt_watch\resource\466x466\stopwatch\raw\暂停1.png
PIC288, 播放, 311, D:\GIT\3085S\application\bt_watch\resource\466x466\stopwatch\raw\播放.png
PIC289, 播放1, 312, D:\GIT\3085S\application\bt_watch\resource\466x466\stopwatch\raw\播放1.png
PIC290, 冒号, 313, D:\GIT\3085S\application\bt_watch\resource\466x466\stopwatch\raw\冒号.jpg
PIC291, 点, 314, D:\GIT\3085S\application\bt_watch\resource\466x466\stopwatch\raw\点.jpg
PIC292, 0, 315, D:\GIT\3085S\application\bt_watch\resource\466x466\stopwatch\raw\分秒\0.jpg
PIC293, 1, 316, D:\GIT\3085S\application\bt_watch\resource\466x466\stopwatch\raw\分秒\1.jpg
PIC294, 2, 317, D:\GIT\3085S\application\bt_watch\resource\466x466\stopwatch\raw\分秒\2.jpg
PIC295, 3, 324, D:\GIT\3085S\application\bt_watch\resource\466x466\stopwatch\raw\分秒\3.jpg
PIC296, 4, 318, D:\GIT\3085S\application\bt_watch\resource\466x466\stopwatch\raw\分秒\4.jpg
PIC297, 5, 319, D:\GIT\3085S\application\bt_watch\resource\466x466\stopwatch\raw\分秒\5.jpg
PIC298, 6, 320, D:\GIT\3085S\application\bt_watch\resource\466x466\stopwatch\raw\分秒\6.jpg
PIC299, 7, 321, D:\GIT\3085S\application\bt_watch\resource\466x466\stopwatch\raw\分秒\7.jpg
PIC300, 8, 322, D:\GIT\3085S\application\bt_watch\resource\466x466\stopwatch\raw\分秒\8.jpg
PIC301, 9, 323, D:\GIT\3085S\application\bt_watch\resource\466x466\stopwatch\raw\分秒\9.jpg
PIC302, 0, 325, D:\GIT\3085S\application\bt_watch\resource\466x466\stopwatch\raw\毫秒\0.jpg
PIC303, 1, 326, D:\GIT\3085S\application\bt_watch\resource\466x466\stopwatch\raw\毫秒\1.jpg
PIC304, 2, 327, D:\GIT\3085S\application\bt_watch\resource\466x466\stopwatch\raw\毫秒\2.jpg
PIC305, 3, 328, D:\GIT\3085S\application\bt_watch\resource\466x466\stopwatch\raw\毫秒\3.jpg
PIC306, 4, 329, D:\GIT\3085S\application\bt_watch\resource\466x466\stopwatch\raw\毫秒\4.jpg
PIC307, 5, 330, D:\GIT\3085S\application\bt_watch\resource\466x466\stopwatch\raw\毫秒\5.jpg
PIC308, 6, 331, D:\GIT\3085S\application\bt_watch\resource\466x466\stopwatch\raw\毫秒\6.jpg
PIC309, 7, 332, D:\GIT\3085S\application\bt_watch\resource\466x466\stopwatch\raw\毫秒\7.jpg
PIC310, 8, 333, D:\GIT\3085S\application\bt_watch\resource\466x466\stopwatch\raw\毫秒\8.jpg
PIC311, 9, 334, D:\GIT\3085S\application\bt_watch\resource\466x466\stopwatch\raw\毫秒\9.jpg
PIC312, ALARM_BG, 138, D:\GIT\3085S\application\bt_watch\resource\466x466\alarm\raw\alarm_bg.jpg
PIC313, 图标, 139, D:\GIT\3085S\application\bt_watch\resource\466x466\alarm\raw\图标.png
PIC314, 闹钟, 140, D:\GIT\3085S\application\bt_watch\resource\466x466\alarm\raw\闹钟.jpg
PIC315, 添加, 141, D:\GIT\3085S\application\bt_watch\resource\466x466\alarm\raw\添加.png
PIC316, 关, 142, D:\GIT\3085S\application\bt_watch\resource\466x466\alarm\raw\关.png
PIC317, 开, 143, D:\GIT\3085S\application\bt_watch\resource\466x466\alarm\raw\开.png
PIC318, 冒号, 144, D:\GIT\3085S\application\bt_watch\resource\466x466\alarm\raw\闹钟开关显示数字\关\冒号.jpg
PIC319, 冒号, 148, D:\GIT\3085S\application\bt_watch\resource\466x466\alarm\raw\闹钟开关显示数字\开\冒号.jpg
PIC320, 0, 146, D:\GIT\3085S\application\bt_watch\resource\466x466\alarm\raw\闹钟开关显示数字\关\0.jpg
PIC321, 1, 145, D:\GIT\3085S\application\bt_watch\resource\466x466\alarm\raw\闹钟开关显示数字\关\1.jpg
PIC322, 2, 150, D:\GIT\3085S\application\bt_watch\resource\466x466\alarm\raw\闹钟开关显示数字\关\2.jpg
PIC323, 3, 151, D:\GIT\3085S\application\bt_watch\resource\466x466\alarm\raw\闹钟开关显示数字\关\3.jpg
PIC324, 4, 152, D:\GIT\3085S\application\bt_watch\resource\466x466\alarm\raw\闹钟开关显示数字\关\4.jpg
PIC325, 5, 153, D:\GIT\3085S\application\bt_watch\resource\466x466\alarm\raw\闹钟开关显示数字\关\5.jpg
PIC326, 6, 154, D:\GIT\3085S\application\bt_watch\resource\466x466\alarm\raw\闹钟开关显示数字\关\6.jpg
PIC327, 8, 155, D:\GIT\3085S\application\bt_watch\resource\466x466\alarm\raw\闹钟开关显示数字\关\8.jpg
PIC328, 9, 156, D:\GIT\3085S\application\bt_watch\resource\466x466\alarm\raw\闹钟开关显示数字\关\9.jpg
PIC329, 7, 147, D:\GIT\3085S\application\bt_watch\resource\466x466\alarm\raw\闹钟开关显示数字\关\7.jpg
PIC330, 0, 149, D:\GIT\3085S\application\bt_watch\resource\466x466\alarm\raw\闹钟开关显示数字\开\0.jpg
PIC331, 1, 157, D:\GIT\3085S\application\bt_watch\resource\466x466\alarm\raw\闹钟开关显示数字\开\1.jpg
PIC332, 2, 158, D:\GIT\3085S\application\bt_watch\resource\466x466\alarm\raw\闹钟开关显示数字\开\2.jpg
PIC333, 3, 159, D:\GIT\3085S\application\bt_watch\resource\466x466\alarm\raw\闹钟开关显示数字\开\3.jpg
PIC334, 4, 160, D:\GIT\3085S\application\bt_watch\resource\466x466\alarm\raw\闹钟开关显示数字\开\4.jpg
PIC335, 5, 161, D:\GIT\3085S\application\bt_watch\resource\466x466\alarm\raw\闹钟开关显示数字\开\5.jpg
PIC336, 6, 162, D:\GIT\3085S\application\bt_watch\resource\466x466\alarm\raw\闹钟开关显示数字\开\6.jpg
PIC337, 8, 163, D:\GIT\3085S\application\bt_watch\resource\466x466\alarm\raw\闹钟开关显示数字\开\8.jpg
PIC338, 9, 164, D:\GIT\3085S\application\bt_watch\resource\466x466\alarm\raw\闹钟开关显示数字\开\9.jpg
PIC339, 7, 165, D:\GIT\3085S\application\bt_watch\resource\466x466\alarm\raw\闹钟开关显示数字\开\7.jpg
PIC340, 向上, 166, D:\GIT\3085S\application\bt_watch\resource\466x466\alarm\raw\向上.png
PIC341, 向下, 167, D:\GIT\3085S\application\bt_watch\resource\466x466\alarm\raw\向下.png
PIC342, 确定, 168, D:\GIT\3085S\application\bt_watch\resource\466x466\alarm\raw\确定.png
PIC343, 数字背景, 169, D:\GIT\3085S\application\bt_watch\resource\466x466\alarm\raw\数字背景.png
PIC344, 冒号, 170, D:\GIT\3085S\application\bt_watch\resource\466x466\alarm\raw\闹钟时间设置\冒号.jpg
PIC345, 9, 175, D:\GIT\3085S\application\bt_watch\resource\466x466\alarm\raw\闹钟时间设置\数字选中\9.jpg
PIC346, 8, 176, D:\GIT\3085S\application\bt_watch\resource\466x466\alarm\raw\闹钟时间设置\数字选中\8.jpg
PIC347, 7, 177, D:\GIT\3085S\application\bt_watch\resource\466x466\alarm\raw\闹钟时间设置\数字选中\7.jpg
PIC348, 6, 178, D:\GIT\3085S\application\bt_watch\resource\466x466\alarm\raw\闹钟时间设置\数字选中\6.jpg
PIC349, 5, 179, D:\GIT\3085S\application\bt_watch\resource\466x466\alarm\raw\闹钟时间设置\数字选中\5.jpg
PIC350, 4, 174, D:\GIT\3085S\application\bt_watch\resource\466x466\alarm\raw\闹钟时间设置\数字选中\4.jpg
PIC351, 3, 180, D:\GIT\3085S\application\bt_watch\resource\466x466\alarm\raw\闹钟时间设置\数字选中\3.jpg
PIC352, 2, 173, D:\GIT\3085S\application\bt_watch\resource\466x466\alarm\raw\闹钟时间设置\数字选中\2.jpg
PIC353, 1, 172, D:\GIT\3085S\application\bt_watch\resource\466x466\alarm\raw\闹钟时间设置\数字选中\1.jpg
PIC354, 0, 171, D:\GIT\3085S\application\bt_watch\resource\466x466\alarm\raw\闹钟时间设置\数字选中\0.jpg
PIC355, 9, 181, D:\GIT\3085S\application\bt_watch\resource\466x466\alarm\raw\闹钟时间设置\数字未选中\9.jpg
PIC356, 8, 182, D:\GIT\3085S\application\bt_watch\resource\466x466\alarm\raw\闹钟时间设置\数字未选中\8.jpg
PIC357, 7, 183, D:\GIT\3085S\application\bt_watch\resource\466x466\alarm\raw\闹钟时间设置\数字未选中\7.jpg
PIC358, 6, 184, D:\GIT\3085S\application\bt_watch\resource\466x466\alarm\raw\闹钟时间设置\数字未选中\6.jpg
PIC359, 5, 185, D:\GIT\3085S\application\bt_watch\resource\466x466\alarm\raw\闹钟时间设置\数字未选中\5.jpg
PIC360, 4, 186, D:\GIT\3085S\application\bt_watch\resource\466x466\alarm\raw\闹钟时间设置\数字未选中\4.jpg
PIC361, 3, 187, D:\GIT\3085S\application\bt_watch\resource\466x466\alarm\raw\闹钟时间设置\数字未选中\3.jpg
PIC362, 2, 188, D:\GIT\3085S\application\bt_watch\resource\466x466\alarm\raw\闹钟时间设置\数字未选中\2.jpg
PIC363, 1, 336, D:\GIT\3085S\application\bt_watch\resource\466x466\alarm\raw\闹钟时间设置\数字未选中\1.jpg
PIC364, 0, 335, D:\GIT\3085S\application\bt_watch\resource\466x466\alarm\raw\闹钟时间设置\数字未选中\0.jpg
PIC365, ALARMING_BG, 189, D:\GIT\3085S\application\bt_watch\resource\466x466\alarm\raw\alarming\alarming_bg.jpg
PIC366, 图标, 306, D:\GIT\3085S\application\bt_watch\resource\466x466\alarm\raw\alarming\图标.png
PIC367, 主题, 190, D:\GIT\3085S\application\bt_watch\resource\466x466\alarm\raw\alarming\主题.jpg
PIC368, 响铃, 191, D:\GIT\3085S\application\bt_watch\resource\466x466\alarm\raw\alarming\响铃.jpg
PIC369, 稍后提醒 按下效果, 192, D:\GIT\3085S\application\bt_watch\resource\466x466\alarm\raw\alarming\稍后提醒 按下效果.jpg
PIC370, 稍后提醒, 193, D:\GIT\3085S\application\bt_watch\resource\466x466\alarm\raw\alarming\稍后提醒.jpg
PIC371, 停止 按下效果, 194, D:\GIT\3085S\application\bt_watch\resource\466x466\alarm\raw\alarming\停止 按下效果.jpg
PIC372, 停止, 195, D:\GIT\3085S\application\bt_watch\resource\466x466\alarm\raw\alarming\停止.jpg
PIC373, BG, 337, D:\GIT\3085S\application\bt_watch\resource\466x466\low_power\raw\bg.jpg
PIC374, 请连接充电器, 353, D:\GIT\3085S\application\bt_watch\resource\466x466\low_power\raw\请连接充电器.jpg
PIC375, 提示图标, 384, D:\GIT\3085S\application\bt_watch\resource\466x466\low_power\raw\提示图标.jpg
PIC376, 电池电量低, 352, D:\GIT\3085S\application\bt_watch\resource\466x466\low_power\raw\电池电量低.jpg
PIC377, 还剩, 351, D:\GIT\3085S\application\bt_watch\resource\466x466\low_power\raw\还剩.jpg
PIC378, %, 350, D:\GIT\3085S\application\bt_watch\resource\466x466\low_power\raw\电量\%.jpg
PIC379, 电池充电, 385, D:\GIT\3085S\application\bt_watch\resource\466x466\low_power\raw\电池充电.jpg
PIC380, 电量使用情况, 349, D:\GIT\3085S\application\bt_watch\resource\466x466\low_power\raw\电量使用情况.jpg
PIC381, 确定, 348, D:\GIT\3085S\application\bt_watch\resource\466x466\low_power\raw\确定.jpg
PIC382, 9, 338, D:\GIT\3085S\application\bt_watch\resource\466x466\low_power\raw\电量\9.jpg
PIC383, 8, 339, D:\GIT\3085S\application\bt_watch\resource\466x466\low_power\raw\电量\8.jpg
PIC384, 7, 340, D:\GIT\3085S\application\bt_watch\resource\466x466\low_power\raw\电量\7.jpg
PIC385, 6, 341, D:\GIT\3085S\application\bt_watch\resource\466x466\low_power\raw\电量\6.jpg
PIC386, 5, 342, D:\GIT\3085S\application\bt_watch\resource\466x466\low_power\raw\电量\5.jpg
PIC387, 4, 343, D:\GIT\3085S\application\bt_watch\resource\466x466\low_power\raw\电量\4.jpg
PIC388, 3, 344, D:\GIT\3085S\application\bt_watch\resource\466x466\low_power\raw\电量\3.jpg
PIC389, 2, 345, D:\GIT\3085S\application\bt_watch\resource\466x466\low_power\raw\电量\2.jpg
PIC390, 1, 346, D:\GIT\3085S\application\bt_watch\resource\466x466\low_power\raw\电量\1.jpg
PIC391, 0, 347, D:\GIT\3085S\application\bt_watch\resource\466x466\low_power\raw\电量\0.jpg
PIC392, BG, 357, D:\GIT\3085S\application\bt_watch\resource\466x466\ota\raw\bg.jpg
PIC393, 矢量智能对象, 358, D:\GIT\3085S\application\bt_watch\resource\466x466\ota\raw\矢量智能对象.jpg
PIC394, 系统升级A, 359, D:\GIT\3085S\application\bt_watch\resource\466x466\ota\raw\系统升级a.jpg
PIC395, 系统升级_今天, 360, D:\GIT\3085S\application\bt_watch\resource\466x466\ota\raw\系统升级_今天.jpg
PIC396, 安装A, 361, D:\GIT\3085S\application\bt_watch\resource\466x466\ota\raw\安装a.jpg
PIC397, 有可更新的系统版本：, 362, D:\GIT\3085S\application\bt_watch\resource\466x466\ota\raw\有可更新的系统版本：.jpg
PIC398, 9, 363, D:\GIT\3085S\application\bt_watch\resource\466x466\ota\raw\时间\9.jpg
PIC399, 8, 364, D:\GIT\3085S\application\bt_watch\resource\466x466\ota\raw\时间\8.jpg
PIC400, 7, 365, D:\GIT\3085S\application\bt_watch\resource\466x466\ota\raw\时间\7.jpg
PIC401, 6, 366, D:\GIT\3085S\application\bt_watch\resource\466x466\ota\raw\时间\6.jpg
PIC402, 5, 367, D:\GIT\3085S\application\bt_watch\resource\466x466\ota\raw\时间\5.jpg
PIC403, 4, 368, D:\GIT\3085S\application\bt_watch\resource\466x466\ota\raw\时间\4.jpg
PIC404, 3, 369, D:\GIT\3085S\application\bt_watch\resource\466x466\ota\raw\时间\3.jpg
PIC405, 2, 370, D:\GIT\3085S\application\bt_watch\resource\466x466\ota\raw\时间\2.jpg
PIC406, 1, 371, D:\GIT\3085S\application\bt_watch\resource\466x466\ota\raw\时间\1.jpg
PIC407, 0, 372, D:\GIT\3085S\application\bt_watch\resource\466x466\ota\raw\时间\0.jpg
PIC408, 点, 373, D:\GIT\3085S\application\bt_watch\resource\466x466\ota\raw\时间\点.jpg
PIC409, %, 387, D:\GIT\3085S\application\bt_watch\resource\466x466\ota\raw\正在升级百分比\%.jpg
PIC410, 正在升级, 386, D:\GIT\3085S\application\bt_watch\resource\466x466\ota\raw\正在升级.jpg
PIC411, 0, 389, D:\GIT\3085S\application\bt_watch\resource\466x466\ota\raw\正在升级百分比\0.jpg
PIC412, 1, 388, D:\GIT\3085S\application\bt_watch\resource\466x466\ota\raw\正在升级百分比\1.jpg
PIC413, 2, 390, D:\GIT\3085S\application\bt_watch\resource\466x466\ota\raw\正在升级百分比\2.jpg
PIC414, 3, 391, D:\GIT\3085S\application\bt_watch\resource\466x466\ota\raw\正在升级百分比\3.jpg
PIC415, 4, 392, D:\GIT\3085S\application\bt_watch\resource\466x466\ota\raw\正在升级百分比\4.jpg
PIC416, 5, 393, D:\GIT\3085S\application\bt_watch\resource\466x466\ota\raw\正在升级百分比\5.jpg
PIC417, 6, 394, D:\GIT\3085S\application\bt_watch\resource\466x466\ota\raw\正在升级百分比\6.jpg
PIC418, 7, 395, D:\GIT\3085S\application\bt_watch\resource\466x466\ota\raw\正在升级百分比\7.jpg
PIC419, 8, 396, D:\GIT\3085S\application\bt_watch\resource\466x466\ota\raw\正在升级百分比\8.jpg
PIC420, 9, 397, D:\GIT\3085S\application\bt_watch\resource\466x466\ota\raw\正在升级百分比\9.jpg
PIC421, BG, 398, D:\GIT\3085S\application\bt_watch\resource\466x466\clock\aod_clock\bg.jpg
PIC422, 0, 399, D:\GIT\3085S\application\bt_watch\resource\466x466\clock\aod_clock\时针\0.png
PIC423, 0, 400, D:\GIT\3085S\application\bt_watch\resource\466x466\clock\aod_clock\分针\0.png
PIC424, 1, 434, D:\GIT\3085S\application\bt_watch\resource\466x466\cube_box\1.jpg
PIC425, 2, 435, D:\GIT\3085S\application\bt_watch\resource\466x466\cube_box\2.jpg
PIC426, 3, 436, D:\GIT\3085S\application\bt_watch\resource\466x466\cube_box\3.jpg
PIC427, 4, 437, D:\GIT\3085S\application\bt_watch\resource\466x466\cube_box\4.jpg
PIC428, 5, 438, D:\GIT\3085S\application\bt_watch\resource\466x466\cube_box\5.jpg
PIC429, 6, 439, D:\GIT\3085S\application\bt_watch\resource\466x466\cube_box\6.jpg
PIC430, DISABILITY, 443, D:\GIT\3085S\application\bt_watch\resource\466x466\setting\disability.png
PIC431, ENABLED, 444, D:\GIT\3085S\application\bt_watch\resource\466x466\setting\enabled.png
PIC432, BABYSBREATH, 548, D:\GIT\3085S\application\bt_watch\resource\466x466\setting\babysbreath.bmp
PIC433, LIST_1, 549, D:\GIT\3085S\application\bt_watch\resource\466x466\setting\list_1.bmp
PIC434, LIST_2, 550, D:\GIT\3085S\application\bt_watch\resource\466x466\setting\list_2.bmp
PIC435, ROLLER_PLATE, 551, D:\GIT\3085S\application\bt_watch\resource\466x466\setting\roller_plate.bmp
PIC436, WATERFALL_FLOW, 552, D:\GIT\3085S\application\bt_watch\resource\466x466\setting\waterfall_flow.bmp
PIC437, WONHOT, 553, D:\GIT\3085S\application\bt_watch\resource\466x466\setting\wonhot.bmp
PIC438, CUBE_TURNTABLE, 554, D:\GIT\3085S\application\bt_watch\resource\466x466\setting\cube_turntable.bmp
PIC439, WHEEL_3D, 547, D:\GIT\3085S\application\bt_watch\resource\466x466\setting\wheel_3d.bmp
PIC440, APPLIST_9, 555, D:\GIT\3085S\application\bt_watch\resource\466x466\setting\applist_9.png
PIC441, FACE_WHEEL_1, 448, D:\GIT\3085S\application\bt_watch\resource\466x466\one_effect\face_wheel_1.jpg
PIC442, FACE_WHEEL_2, 449, D:\GIT\3085S\application\bt_watch\resource\466x466\one_effect\face_wheel_2.jpg
PIC443, FACE_WHEEL_3, 450, D:\GIT\3085S\application\bt_watch\resource\466x466\one_effect\face_wheel_3.jpg
PIC444, FACE_WHEEL_4, 451, D:\GIT\3085S\application\bt_watch\resource\466x466\one_effect\face_wheel_4.jpg
PIC445, FACE_WHEEL_5, 452, D:\GIT\3085S\application\bt_watch\resource\466x466\one_effect\face_wheel_5.jpg
PIC446, FACE_WHEEL_6, 453, D:\GIT\3085S\application\bt_watch\resource\466x466\one_effect\face_wheel_6.jpg
PIC447, BJ, 454, D:\GIT\3085S\application\bt_watch\resource\466x466\clock\digital1_clock\bj.jpg
PIC448, MAX10, 455, D:\GIT\3085S\application\bt_watch\resource\466x466\clock\digital1_clock\electric\max10.png
PIC449, MIN10, 456, D:\GIT\3085S\application\bt_watch\resource\466x466\clock\digital1_clock\electric\min10.png
PIC450, 0, 499, D:\GIT\3085S\application\bt_watch\resource\466x466\clock\digital1_clock\num\green\a\0.jpg
PIC451, 1, 500, D:\GIT\3085S\application\bt_watch\resource\466x466\clock\digital1_clock\num\green\a\1.jpg
PIC452, 2, 501, D:\GIT\3085S\application\bt_watch\resource\466x466\clock\digital1_clock\num\green\a\2.jpg
PIC453, 3, 502, D:\GIT\3085S\application\bt_watch\resource\466x466\clock\digital1_clock\num\green\a\3.jpg
PIC454, 4, 503, D:\GIT\3085S\application\bt_watch\resource\466x466\clock\digital1_clock\num\green\a\4.jpg
PIC455, 5, 504, D:\GIT\3085S\application\bt_watch\resource\466x466\clock\digital1_clock\num\green\a\5.jpg
PIC456, 6, 505, D:\GIT\3085S\application\bt_watch\resource\466x466\clock\digital1_clock\num\green\a\6.jpg
PIC457, 7, 506, D:\GIT\3085S\application\bt_watch\resource\466x466\clock\digital1_clock\num\green\a\7.jpg
PIC458, 8, 507, D:\GIT\3085S\application\bt_watch\resource\466x466\clock\digital1_clock\num\green\a\8.jpg
PIC459, 9, 508, D:\GIT\3085S\application\bt_watch\resource\466x466\clock\digital1_clock\num\green\a\9.jpg
PIC460, 0, 509, D:\GIT\3085S\application\bt_watch\resource\466x466\clock\digital1_clock\num\green\b\0.jpg
PIC461, 1, 510, D:\GIT\3085S\application\bt_watch\resource\466x466\clock\digital1_clock\num\green\b\1.jpg
PIC462, 2, 511, D:\GIT\3085S\application\bt_watch\resource\466x466\clock\digital1_clock\num\green\b\2.jpg
PIC463, 3, 512, D:\GIT\3085S\application\bt_watch\resource\466x466\clock\digital1_clock\num\green\b\3.jpg
PIC464, 4, 513, D:\GIT\3085S\application\bt_watch\resource\466x466\clock\digital1_clock\num\green\b\4.jpg
PIC465, 5, 514, D:\GIT\3085S\application\bt_watch\resource\466x466\clock\digital1_clock\num\green\b\5.jpg
PIC466, 6, 515, D:\GIT\3085S\application\bt_watch\resource\466x466\clock\digital1_clock\num\green\b\6.jpg
PIC467, 7, 516, D:\GIT\3085S\application\bt_watch\resource\466x466\clock\digital1_clock\num\green\b\7.jpg
PIC468, 8, 517, D:\GIT\3085S\application\bt_watch\resource\466x466\clock\digital1_clock\num\green\b\8.jpg
PIC469, 9, 518, D:\GIT\3085S\application\bt_watch\resource\466x466\clock\digital1_clock\num\green\b\9.jpg
PIC470, 0, 457, D:\GIT\3085S\application\bt_watch\resource\466x466\clock\digital1_clock\num\day\0.png
PIC471, 1, 458, D:\GIT\3085S\application\bt_watch\resource\466x466\clock\digital1_clock\num\day\1.png
PIC472, 2, 459, D:\GIT\3085S\application\bt_watch\resource\466x466\clock\digital1_clock\num\day\2.png
PIC473, 3, 460, D:\GIT\3085S\application\bt_watch\resource\466x466\clock\digital1_clock\num\day\3.png
PIC474, 4, 461, D:\GIT\3085S\application\bt_watch\resource\466x466\clock\digital1_clock\num\day\4.png
PIC475, 5, 462, D:\GIT\3085S\application\bt_watch\resource\466x466\clock\digital1_clock\num\day\5.png
PIC476, 6, 463, D:\GIT\3085S\application\bt_watch\resource\466x466\clock\digital1_clock\num\day\6.png
PIC477, 7, 464, D:\GIT\3085S\application\bt_watch\resource\466x466\clock\digital1_clock\num\day\7.png
PIC478, 8, 465, D:\GIT\3085S\application\bt_watch\resource\466x466\clock\digital1_clock\num\day\8.png
PIC479, 9, 466, D:\GIT\3085S\application\bt_watch\resource\466x466\clock\digital1_clock\num\day\9.png
PIC480, 0, 467, D:\GIT\3085S\application\bt_watch\resource\466x466\clock\digital1_clock\week\0.png
PIC481, 1, 468, D:\GIT\3085S\application\bt_watch\resource\466x466\clock\digital1_clock\week\1.png
PIC482, 2, 469, D:\GIT\3085S\application\bt_watch\resource\466x466\clock\digital1_clock\week\2.png
PIC483, 3, 470, D:\GIT\3085S\application\bt_watch\resource\466x466\clock\digital1_clock\week\3.png
PIC484, 4, 471, D:\GIT\3085S\application\bt_watch\resource\466x466\clock\digital1_clock\week\4.png
PIC485, 5, 472, D:\GIT\3085S\application\bt_watch\resource\466x466\clock\digital1_clock\week\5.png
PIC486, 6, 473, D:\GIT\3085S\application\bt_watch\resource\466x466\clock\digital1_clock\week\6.png
PIC487, 0, 488, D:\GIT\3085S\application\bt_watch\resource\466x466\clock\digital1_clock\num\white\0.png
PIC488, 1, 489, D:\GIT\3085S\application\bt_watch\resource\466x466\clock\digital1_clock\num\white\1.png
PIC489, 2, 490, D:\GIT\3085S\application\bt_watch\resource\466x466\clock\digital1_clock\num\white\2.png
PIC490, 3, 491, D:\GIT\3085S\application\bt_watch\resource\466x466\clock\digital1_clock\num\white\3.png
PIC491, 4, 492, D:\GIT\3085S\application\bt_watch\resource\466x466\clock\digital1_clock\num\white\4.png
PIC492, 5, 493, D:\GIT\3085S\application\bt_watch\resource\466x466\clock\digital1_clock\num\white\5.png
PIC493, 6, 494, D:\GIT\3085S\application\bt_watch\resource\466x466\clock\digital1_clock\num\white\6.png
PIC494, 7, 495, D:\GIT\3085S\application\bt_watch\resource\466x466\clock\digital1_clock\num\white\7.png
PIC495, 8, 496, D:\GIT\3085S\application\bt_watch\resource\466x466\clock\digital1_clock\num\white\8.png
PIC496, 9, 497, D:\GIT\3085S\application\bt_watch\resource\466x466\clock\digital1_clock\num\white\9.png
PIC497, 00, 474, D:\GIT\3085S\application\bt_watch\resource\466x466\clock\digital1_clock\num\min\00.png
PIC498, 01, 475, D:\GIT\3085S\application\bt_watch\resource\466x466\clock\digital1_clock\num\min\01.png
PIC499, 02, 476, D:\GIT\3085S\application\bt_watch\resource\466x466\clock\digital1_clock\num\min\02.png
PIC500, 03, 477, D:\GIT\3085S\application\bt_watch\resource\466x466\clock\digital1_clock\num\min\03.png
PIC501, 04, 478, D:\GIT\3085S\application\bt_watch\resource\466x466\clock\digital1_clock\num\min\04.png
PIC502, 05, 479, D:\GIT\3085S\application\bt_watch\resource\466x466\clock\digital1_clock\num\min\05.png
PIC503, 06, 480, D:\GIT\3085S\application\bt_watch\resource\466x466\clock\digital1_clock\num\min\06.png
PIC504, 07, 481, D:\GIT\3085S\application\bt_watch\resource\466x466\clock\digital1_clock\num\min\07.png
PIC505, 08, 482, D:\GIT\3085S\application\bt_watch\resource\466x466\clock\digital1_clock\num\min\08.png
PIC506, 09, 483, D:\GIT\3085S\application\bt_watch\resource\466x466\clock\digital1_clock\num\min\09.png
PIC507, 10, 484, D:\GIT\3085S\application\bt_watch\resource\466x466\clock\digital1_clock\num\min\10.png
PIC508, 11, 485, D:\GIT\3085S\application\bt_watch\resource\466x466\clock\digital1_clock\num\min\11.png
PIC509, 12, 486, D:\GIT\3085S\application\bt_watch\resource\466x466\clock\digital1_clock\num\min\12.png
PIC510, 13, 487, D:\GIT\3085S\application\bt_watch\resource\466x466\clock\digital1_clock\num\min\13.png
PIC511, BG, 519, D:\GIT\3085S\application\bt_watch\resource\466x466\heart\bg.jpg
PIC512, 0, 520, D:\GIT\3085S\application\bt_watch\resource\466x466\heart\anim\0.jpg
PIC513, 1, 521, D:\GIT\3085S\application\bt_watch\resource\466x466\heart\anim\1.jpg
PIC514, 10, 522, D:\GIT\3085S\application\bt_watch\resource\466x466\heart\anim\10.jpg
PIC515, 11, 523, D:\GIT\3085S\application\bt_watch\resource\466x466\heart\anim\11.jpg
PIC516, 12, 524, D:\GIT\3085S\application\bt_watch\resource\466x466\heart\anim\12.jpg
PIC517, 13, 525, D:\GIT\3085S\application\bt_watch\resource\466x466\heart\anim\13.jpg
PIC518, 14, 526, D:\GIT\3085S\application\bt_watch\resource\466x466\heart\anim\14.jpg
PIC519, 15, 527, D:\GIT\3085S\application\bt_watch\resource\466x466\heart\anim\15.jpg
PIC520, 16, 528, D:\GIT\3085S\application\bt_watch\resource\466x466\heart\anim\16.jpg
PIC521, 17, 529, D:\GIT\3085S\application\bt_watch\resource\466x466\heart\anim\17.jpg
PIC522, 18, 530, D:\GIT\3085S\application\bt_watch\resource\466x466\heart\anim\18.jpg
PIC523, 19, 531, D:\GIT\3085S\application\bt_watch\resource\466x466\heart\anim\19.jpg
PIC524, 2, 532, D:\GIT\3085S\application\bt_watch\resource\466x466\heart\anim\2.jpg
PIC525, 20, 533, D:\GIT\3085S\application\bt_watch\resource\466x466\heart\anim\20.jpg
PIC526, 21, 534, D:\GIT\3085S\application\bt_watch\resource\466x466\heart\anim\21.jpg
PIC527, 3, 535, D:\GIT\3085S\application\bt_watch\resource\466x466\heart\anim\3.jpg
PIC528, 4, 536, D:\GIT\3085S\application\bt_watch\resource\466x466\heart\anim\4.jpg
PIC529, 5, 537, D:\GIT\3085S\application\bt_watch\resource\466x466\heart\anim\5.jpg
PIC530, 6, 538, D:\GIT\3085S\application\bt_watch\resource\466x466\heart\anim\6.jpg
PIC531, 7, 539, D:\GIT\3085S\application\bt_watch\resource\466x466\heart\anim\7.jpg
PIC532, 8, 540, D:\GIT\3085S\application\bt_watch\resource\466x466\heart\anim\8.jpg
PIC533, 9, 541, D:\GIT\3085S\application\bt_watch\resource\466x466\heart\anim\9.jpg
PIC534, MAX, 542, D:\GIT\3085S\application\bt_watch\resource\466x466\heart\max.jpg
PIC535, MIN, 543, D:\GIT\3085S\application\bt_watch\resource\466x466\heart\min.jpg
PIC536, 乘车码图标, 544, D:\GIT\3085S\application\bt_watch\resource\466x466\alipay\乘车码图标.png
PIC537, 付款码图标, 545, D:\GIT\3085S\application\bt_watch\resource\466x466\alipay\付款码图标.png
